AsBuilt_Name,Pages,Pipe_type
2000s_tiffs,1,['Unknown']
3 Hebron Station Circle - Hebron 121 Station - Fitness Center -2362-18,35,['Unknown' 'Bad' 'Good']
Ace Lane Chen Gas Well Pad Site 2119-11,11,['Unknown' 'Good' 'Bad']
Ace Ln 2600 Accelerated Christian Education 2744,9,['Unknown' 'Good']
Archer Ave  1950 Justin Road Self-Storage 2638,1,['Unknown']
Archer Way 1950 Justin Road Center 2582,2,['Unknown' 'Good']
Archer Way 1960 La Petite Academy 2527,4,['Good' 'Unknown']
Archer Way 1975 5th Gear 2072-09,29,['Unknown' 'Good' 'Bad']
Arthur James Addition,34,['Unknown' 'Good']
Artx Park 2161-12,28,['Unknown']
Austin Ranch West 2272-15,22,['Unknown' 'Good']
Bellaire Blvd 1010 Founders Classical Academy Gym 2358-17,15,['Unknown' 'Good' 'Bad']
Bellaire Blvd 1010 Founders Classical Academy Middle School 2274-15,20,['Unknown' 'Good' 'Bad']
Bellaire Blvd 1010 Lewisville Charter School 2166-12,8,['Unknown']
Bellaire Blvd 1532 Hedrick Middle School 2692,1,['Unknown']
Bellaire Blvd 175 Chin Evangelical Baptist Church 2211-14,18,['Unknown' 'Good']
Bellaire Blvd 998 Bellaire Place 2616,7,['Unknown' 'Bad' 'Good']
Bellaire Heights 2026,25,['Unknown']
Bellaire Plaza Shopping Center 2100,22,['Unknown' 'Good']
Belleville Village - Phase 1,12,['Unknown' 'Good']
Belleville Village Addition Phase 2 - 2217-14,14,['Unknown' 'Good']
Benamin Way 590 Foam Supply 2566,2,['Good' 'Unknown']
Benjamin Way 582 Leon Campbell Grinding 2577,1,['Good']
Benjamin Way 586 Chempura Pools 2570,1,['Unknown']
Benjamin Way 590 Foam Supply Fire Sprinkler 2024-07,2,['Good' 'Bad']
Bennett Ln 341 Bennett Oaks 2501,3,['Unknown' 'Good']
Bennett Ln 513 Concepts International 2027-07,7,['Unknown' 'Good' 'Bad']
Bennett Ln 514 DCT Waters Ridge 2280-15,35,['Unknown' 'Good']
Bennett Ln 567 Retail Window Company 2781,1,['Unknown']
Bennett Ln 597 Fedex Frieght Service Center 2244-15,56,['Unknown' 'Bad']
Bennett Ln 630 RES Bennet Lane Classical Academy  2316-16,19,['Unknown' 'Good' 'Bad']
Berry Heights 2071,10,['Unknown']
Boyd Additiion 2089,20,['Unknown']
Bridges MacArthur Blvd & Highland Drive 2134,35,['Unknown' 'Bad' 'Good']
Brookside Addition 2184-13,28,['Unknown']
Cain Dr 1854 Denton County Children's Advocacy Center 2063-08,15,['Unknown' 'Good']
Carrington Village - Phase 2 2054-08,41,['Unknown' 'Bad' 'Good']
Charles St 701 LISD Special Education Building 2713,2,['Unknown' 'Good']
Charles Street 225 Piggly Wiggly 2645,3,['Unknown' 'Good']
Chase Oaks - Phase 1 2017-07,17,['Unknown' 'Good']
Chase Oaks - Phase 2 2130-11,20,['Unknown' 'Good']
Cherry Lane Sanitary Sewer & Water 2561,1,['Unknown']
Church St 417 Willard Bowman 2533 P&Z,3,['Unknown' 'Good']
Church St 521 SWF Warehouse Complex - Waite Plumbing 2699,1,['Unknown']
Church St 540 Dyer Investments 2586,1,['Unknown']
Church St 550 B & B Electrical Supply 2526,1,['Good']
Church St 560 Julian Addition 2552,1,['Good']
Church St East 219 Domino's Restaurant 2330-17,12,['Unknown' 'Good' 'Bad']
Church St West 201 Lewisville Town Square Restaurants 2249-15,22,['Unknown']
Civic Cir 1000 Parkway Construction Office Expansion 2223-14,24,['Unknown' 'Bad' 'Good']
Civic Circle Dr 1075 Molly Maid 2305-16,13,['Unknown' 'Good' 'Bad']
Civic Circle Dr 194 Lewisville Post Office 2652,4,['Unknown']
College Pkwy 1680 North Field Elementary School 2711,7,['Unknown' 'Good']
College Pkwy 901 Lewisville Church of Christ 2090-09,12,['Unknown' 'Good' 'Bad']
College Pkwy 901 Lewisville Church of Christ Expansion 2078-09,18,['Unknown' 'Good' 'Bad']
College St 101 College Station 2532,1,['Good']
College St 136 Morrow Cabinet Shop Expansion 2239-15,10,['Unknown' 'Good' 'Bad']
College St 136 Morrow Cabinets 2536,1,['Unknown']
College St 350 College Street Elementary School 2709,1,['Unknown']
College St East 423 Roy Addition 2700,1,['Good']
College St East TXI Aggregate Unloading Dock & ISG Resources Fly Ash Terminal  2698,7,['Unknown' 'Good']
College St East Texas Meat Purveyors 2785,1,['Unknown']
Continental Dr 150 The Beach House 2285-16,26,['Unknown' 'Good' 'Bad']
Continental Dr 200 The Mac Parking Lot Addition 2098-10,8,['Unknown' 'Bad']
Continential Square 2124,17,['Unknown' 'Bad' 'Good']
Corporate Dr 193 7-Eleven 2529,4,['Unknown']
Corporate Dr 601 Dal Mac Development Co,1,['Unknown']
Corporate Dr East  510-530 Corporate Crossing at Waters Ridge 2009-07,37,['Unknown' 'Good' 'Bad']
Corporate Dr East 101 Corporate Village 2504,1,['Unknown']
Corporate Dr East 102 Mobil Oil 2502,3,['Unknown']
Corporate Dr East 247 Paces Point 2620,17,['Unknown']
Corporate Dr East 256 Somerset Apartments 2619,11,['Unknown' 'Good' 'Bad']
Corporate Dr East 290 Corporate Square Retail 2189-13,10,['Unknown']
Corporate Dr East 357 Brighton Place 2633,3,['Unknown']
Corporate Drive Bridge over Timber Creek 2123,9,['Unknown' 'Bad']
Country Ridge Addition 2118,36,['Unknown' 'Good']
Country Ridge Rd 121 Zsn Masonary 2020-07,15,['Unknown' 'Good']
Country Ridge Rd 285 LISD Elementary School #40 2077-09,26,['Unknown' 'Good' 'Bad']
Country Ridge Rd 290 Victoria Heights Condominiums 2132-12,27,['Unknown' 'Good']
Cowan Ave 125 Cowan Office Building 2718,1,['Unknown']
Cowan Ave 311 Shannon Brook Day Care 2573,1,['Unknown']
Cowan Ave 640 Gravley Door Inc,1,['Unknown']
Cowan Ave North 865 Hillside Office Building 2169-13,9,['Unknown']
Cowan St 617-699 S & S Air Conditioning & Heating 2545,3,['Unknown' 'Good']
Creek Haven Addition 2090,40,['Unknown' 'Good' 'Bad']
Creekside Townhomes 2074,12,['Unknown' 'Good']
Creekview Village - Phase 1 2104,24,['Unknown' 'Good']
Crescent Ave 1426 Greer Addition Lot 13,1,['Unknown']
Crescent Estates Addition 2207-14,34,['Unknown' 'Good' 'Bad']
Cresent Ave 1415 Hill Plastics 2737,1,['Unknown']
Crest Manor Apartments - Phase 2 2173-13,71,['Unknown' 'Good']
Crest Retail - 2366-18,23,['Unknown']
DCTA & LewisvilleTrails Construction Project 2237-15,15,['Unknown']
Deer Run 2462 Carrington Village Amenity Center 2050-08,11,['Unknown' 'Good']
Deer Run 2479 Wellington Park Apartments 2634,6,['Unknown' 'Bad' 'Good']
Degan Ave 131 Sundance Square 2516,2,['Unknown' 'Good']
Denton Creek Bridge MacArthur Blvd 2135,28,['Unknown' 'Good' 'Bad']
Denton Tap Rd,1,['Good' 'Bad']
Denton Tap Rd 2313 Mary Kay 2312-17,59,['Unknown' 'Good' 'Bad']
Denton Tap Rd 2680 Denton Tap Storage 2007-08,38,['Unknown' 'Good' 'Bad']
Denton Tap Rd 2710 Denton Tap Storage 2156-12,11,['Unknown']
Denton Tap Road 2700 The Door Church - 2308-16,24,['Unknown' 'Good' 'Bad']
Denton Tap The Preserve At Vista Ridge 2199-13,10,['Unknown' 'Good' 'Bad']
Diane Cir 1175 Family Medical Association 2754,3,['Unknown']
Duncan Duncan Pad Lateral Existing 6_ Natural Gas Pipeline 2118-11,3,['Unknown']
Eagle Point Dr 1 Eagle Point Marina 2589,5,['Unknown']
East Hill Park 2133-11,16,['Unknown' 'Bad' 'Good']
Edmonds Ln 1001 Denton Area Teachers Drive In Facility 2523,1,['Unknown']
Edmonds Ln 1002 Village West Apartments 2623,6,['Unknown']
Edmonds Ln 1010 Edmonds Center 2548,2,['Good']
Edmonds Ln 1597 Dale Jackson Career Center 2767,6,['Unknown' 'Good']
Edmonds Ln 1597 Dale Jackson Lewisville Learning Center 2069-08,8,['Unknown' 'Good']
Edmonds Ln 1687 Bellaire Baptist Church 2733,1,['Unknown']
Edmonds Ln 1716 Edmonds Retirement Center 2759,17,['Good' 'Unknown']
Edmonds Ln 1727 Church of the Nazarene 2696,1,['Unknown']
Edmonds Ln 2151 India Bazaar - 2286-16,15,['Unknown' 'Good' 'Bad']
Edmonds Ln 2670 2710 2730 Majestic Airport Center Driveway Extension 2085-09,6,['Unknown']
Edmonds Ln 2671 2710 2730 Majestic Airport Center - Phase 1B 2053-08,15,['Unknown' 'Bad']
Edmonds Ln 326 Edmonds Professional Plaza 2581,1,['Unknown']
Edmonds Ln 510 Goodyear Car Care Store 2695,2,['Unknown']
Edmonds Ln 522 Edmonds Square 2694,1,['Unknown']
Edmonds Ln 534 Roach Paint Company 2697,1,['Unknown']
Edmonds Ln 570 Quailcrest 2784,1,['Unknown']
Edmonds Ln 614 Edmonds Office Building 2607,1,['Good']
Edmonds Ln 650 McKee Office Park 2605,1,['Unknown']
Edmonds Ln 740 Mulkey Mason Funeral Home 2036-08,13,['Unknown' 'Good' 'Bad']
Edmonds Ln 740 The Village Greens Apartment 2636,1,['Unknown']
Edmonds Ln 901 Lewisville Board of Realtors 2783,1,['Unknown']
Edmonds Ln Spinks Rd 2510 Majestic Airport Center Building 3 Trailer Parking 2144-12,19,['Unknown' 'Good']
Elm St 189 Emporium 2 2693,1,['Unknown']
Elm St 206 Elm Centre Office Building 2583,1,['Good']
FM 3040 100 Lewisville Town Center - Phase 1 2736,8,['Unknown']
FM 3040 East 198 Bank of the Ozarks 2015-07,16,['Unknown' 'Good' 'Bad']
FM 3040 East 222 Legends Express Car Wash 2248-15,17,['Unknown' 'Good']
FM 3040 East 249 Round Grove United Church 2727,2,['Unknown']
FM 3040 East 340 Wells Fargo Bank Improvements - Parking lot - 2180-13,14,['Unknown' 'Good']
FM 3040 East 401 Lewisville Retail Building 2302-16,38,['Unknown' 'Bad' 'Good']
FM 3040 East 595 Panera Bread Cafe 2266-15,21,['Unknown' 'Good' 'Bad']
FM 3040 East 597 Sprint Store Point Vista Addition 2267-15,19,['Unknown']
FM 3040 West 1002 Lewisville Round Grove Commercial Center 2643,5,['Unknown']
FM 3040 West 101 Round Grove Village 2770,10,['Unknown' 'Good']
FM 3040 West 101 Self Service Gas_Convenience Station 2535,1,['Good']
FM 3040 West 1035 Quiktrip Store #941 2028-07,60,['Unknown' 'Good' 'Bad']
FM 3040 West 1058 GTE Exchange Building 2539,1,['Unknown']
FM 3040 West 1060 Crest Self Storage 2303-16,32,['Unknown']
FM 3040 West 1250 Lewisville High School South 2089-09,71,['Unknown' 'Bad' 'Good']
FM 3040 West 1250 Lewisville High School South Tennis Courts 2110-10,14,['Unknown' 'Good']
FM 3040 West 1250 Westside Aquatics Center 2163-12,27,['Unknown' 'Bad']
FM 3040 West 1257 Christian Brothers Automotive 2060-08,17,['Unknown' 'Good' 'Bad']
FM 3040 West 201 - Goodyear Tire - 2360-18,33,['Unknown' 'Good' 'Bad']
FM 3040 West 2488 Meadowglen Plaza 2131,4,['Unknown' 'Good' 'Bad']
FM 3040 West 297 Round Grove Crossing 2520,3,['Unknown' 'Good']
FM 3040 West 301 Blum's Donuts 2571,1,['Unknown']
FM 3040 West 301 Deer Crossing 2518,2,['Good' 'Unknown']
FM 3040 West 409 Huntington Circle Apartments - Phases 1 & 2 2757,38,['Unknown' 'Good' 'Bad']
FM 3040 West 725 Valero Station Expansion 2062-08,7,['Unknown' 'Good']
FM 3040 West 751 Razaz Car Wash 2044-08,19,['Unknown' 'Good' 'Bad']
FM 3040 West 761 Zoomers Automotive 2200-13,13,['Unknown']
FM 3040 West 771 Edmond Plaza East & West 2228-14,11,['Unknown']
FM 3040 West 940 Crest Manor Apartments 2067-08,76,['Unknown' 'Bad' 'Good']
FM 3040 West 951 Design Floors 2294-16,22,['Unknown' 'Good']
FM 407  1425 Justin Road Center 2140,4,['Unknown']
FM 407 1128 GTE Exchange Building 2568,1,['Good']
FM 407 1175 The Whistles Stop 2725,1,['Unknown']
FM 407 1230 Caliber Collision Center 2219-14,15,['Unknown' 'Good']
FM 407 1231 Quiktrip Store #942 2029-07,45,['Unknown' 'Good']
FM 407 1297 McGee Lane Retail Center 2543,1,['Unknown']
FM 407 1297 McGee Lane Retail Center 2559,6,['Unknown' 'Good']
FM 407 1297 McGee Lane Retail Center 2609,6,['Unknown' 'Good']
FM 407 1299 Wash & Lube Center Public Improvements 2510,1,['Good']
FM 407 1301 McGee Lane Shopping Center 2558,9,['Good' 'Unknown']
FM 407 1402 North Texas Bank 2691,2,['Unknown']
FM 407 1425 Justin Road Center 2651,2,['Unknown']
FM 407 1479 Texas New Mexico Power Company 2569,3,['Unknown']
FM 544 2401  The Learning Experience @ Lewisville 2276-15,18,['Unknown' 'Good' 'Bad']
Fireside Ln Fireside Village 2269-15 - Not Accepted - Utilities in,20,['Unknown' 'Bad' 'Good']
Fish Hatchery Rd 160 Agricultural Barn at LISD OLA 2074-09,9,['Unknown' 'Good']
Fork Circle North 885 Lewisville Granite 2326-17,21,['Unknown' 'Good' 'Bad']
Fox Ave 1001 Mobil Oil & 7-Eleven 2513,2,['Good' 'Unknown']
Fox Ave 1019 K-Mart 2556,4,['Unknown']
Fox Ave 1020 Basswood Manor Apartments 2557,3,['Unknown' 'Bad' 'Good']
Fox Haven Addition 2617,5,['Unknown' 'Good']
Franklin St 2014,4,['Unknown']
Franklin St 649 National Switchgear Systems 2082-09,20,['Unknown' 'Good' 'Bad']
GTE Training Office Facility 2762,7,['Unknown']
Garden Park - Phase 2 2091,13,['Unknown' 'Good']
Garden Ridge  Estates No,1,['Unknown']
Garden Ridge Addition - Phase 1 2083,25,['Unknown' 'Good']
Garden Ridge Blvd 102 University Place Church of Christ 2739,2,['Unknown']
Garden Ridge Blvd 2103,14,['Unknown' 'Good']
Garden Ridge Blvd North 102 Garden Ridge Church of Christ 2739,1,['Unknown']
Garden Ridge Blvd North 301 Garden Ridge Assisted Living Phase 1 & 2  The Beehive - Landscape Plan 2255-15,11,['Unknown' 'Good']
Garden Ridge Blvd North 577 Garden Ridge Substation Site 2051-08,10,['Unknown' 'Good' 'Bad']
Garden Ridge Blvd North 577 Texas New Mexico Highlands Station 2720,3,['Unknown']
Garden Ridge Blvd North 967 Nguyen Medical 2232-15,20,['Unknown' 'Bad' 'Good']
Garden Valley Addition 2611,29,['Unknown' 'Good']
Glencairn Ln 1597 Childtime Child Care 2734,7,['Unknown' 'Good']
Grandy's Ln 997 Grandy's 2664,2,['Good' 'Unknown']
Greenland Hills Addition 2078,1,['Unknown']
Harbor Heights Subdivision 2069,1,['Unknown']
Harn St 411 Longacre Offices 2208-14,6,['Unknown']
Hartwell Grading 2070-09,6,['Unknown']
Hebron 121 Station - Phase 2 2171-13,119,['Unknown' 'Good' 'Bad']
Hebron 121 Station - Phase 5 - 2353-17,118,['Unknown' 'Good' 'Bad']
Hebron Pkwy 740 Taco Casa Restaurant 2190-13,18,['Unknown' 'Bad' 'Good']
Hebron Pkwy 742 Jason's Deli 2306-16,18,['Unknown' 'Good' 'Bad']
Hembry St  635 McKenzie-Hembry Addition 2702,1,['Unknown']
Hembry St 600 Block Hembry Allen Street Warehouse 2701,1,['Unknown']
Hembry St 645 McKenzie-Hembry Addition 2703,1,['Unknown']
Hembry St 675 Marine Tech 2595,1,['Good']
Hembry St 702 Macedonia Baptist Church 2572,1,['Unknown']
HighPoint Oaks Estates 2204-14,45,['Unknown' 'Good' 'Bad']
Highland Dr 455 Evergreen at Vista Ridge 2093-10,18,['Unknown' 'Good' 'Bad']
Highpoint 1 Addition 2039,19,['Good' 'Unknown']
Hill Park Rd East 1150 1499 Pier 121 Marina Private Lift Station 2040-08,21,['Unknown' 'Good' 'Bad']
Hillside Dr 117 Test Technologies 2728,1,['Unknown']
Hillside Dr 118 Jim's Custom Paint & Body 2579,1,['Good']
Hillside Office Park 2088,15,['Unknown']
Holly Lane Addition 2047,3,['Unknown' 'Bad']
Hopper Addition 2596,1,['Good']
Houston St 135 Lewisville Center Addition 2780,1,['Unknown']
Huffines Plaza 229 Pancho's 2738,1,['Unknown']
Hunter's Glen - Phase 2 2102,13,['Unknown' 'Good']
Hunter's Glen 2092,16,['Unknown' 'Good']
Hunters Glen Addition Lots 2 3 & 4 Block E 2629,4,['Unknown']
I-35 E 2117,37,['Unknown' 'Bad']
I-35E North 101 Lewisville Driving Range 2771,2,['Good' 'Bad' 'Unknown']
I-35E North 1175 Norman International 2296-16,26,['Unknown' 'Good' 'Bad']
I-35E North 1202 Bluebell Creamery 2600,10,['Unknown' 'Good' 'Bad']
I-35E North 1204 Dickies Barbecue Pit 2507,3,['Good' 'Unknown']
I-35E North 1204 Rustic Wall and Terrace,1,['Unknown']
I-35E North 1206 May Trailers 2674,1,['Unknown']
I-35E North 1251 Lewisville Self-Storage 2084-10,20,['Unknown' 'Good' 'Bad']
I-35E North 1550 Dalton & Son Funeral Home 2673,1,['Good']
I-35E North 1700 Whittle Boats 2564,6,['Unknown' 'Good']
I-35E North 1708 Athletic Warehouse 2752,2,['Unknown' 'Good']
I-35E North 180 Taco Bueno 2776,6,['Unknown' 'Good']
I-35E North 1900 Blk Shivitz Addition 2300-16,4,['Unknown']
I-35E North 200 Hampton Inn 2519,2,['Unknown']
I-35E North 2139 McGee Park Addition 2655,7,['Unknown' 'Good']
I-35E North 2910 Sneaky Pete 2747,6,['Unknown']
I-35E North 2998 DCTA - Highland Village - Lewisville Lake Station,105,['Unknown' 'Good' 'Bad']
I-35E North 600 Wagnor's Crossing 2549,1,['Unknown']
I-35E South 101 Exxon Main Street 2665,1,['Unknown']
I-35E South 1128 Chili's 2669,2,['Unknown']
I-35E South 1133 Tia's Tortillas Restaurant & Cantina 2742,1,['Good']
I-35E South 1165  Lakeland Plaza 2719,6,['Unknown']
I-35E South 1165 Lakeland Plaza 2712,6,['Unknown']
I-35E South 1244 Olivers Automotive Service 2680,1,['Unknown']
I-35E South 1251 Spanish Trails Inn 2637,1,['Unknown']
I-35E South 1251 Taylor & Gray Addition 2749,4,['Unknown']
I-35E South 1301 AAMCO Transmission Center 2668,4,['Unknown']
I-35E South 1302 Bobcat of Lewisville 2117-11,22,['Unknown' 'Good' 'Bad']
I-35E South 1303 Colonial Mini-Warehouses 2746,1,['Unknown']
I-35E South 1305 Economy Inn 2663,1,['Unknown']
I-35E South 1310 PrideMore Building 2524,1,['Unknown']
I-35E South 1329 Furr's Cafeteria 2775,4,['Unknown' 'Good']
I-35E South 1400 Huffines Chevorlet 2509,6,['Unknown' 'Good']
I-35E South 1401 Royal Inn 2667,1,['Unknown']
I-35E South 1419 Public Storage 2598,5,['Unknown']
I-35E South 1601 AutoNation - Bankston Nissan of Lewisville 2177-13,14,['Unknown' 'Good']
I-35E South 1653 1_2 Jack in the Box 2660,14,['Unknown' 'Good']
I-35E South 1653 Jim McNatt Honda 2650,2,['Unknown' 'Good']
I-35E South 1655 Kettle Restaurant 2661,2,['Unknown']
I-35E South 1657 La Quinta 2766,5,['Unknown' 'Good']
I-35E South 1660 Brookhollow North 2381-18,16,['Unknown' 'Good' 'Bad']
I-35E South 1660 Brookhollow North Office Building 2644,10,['Unknown' 'Good' 'Bad']
I-35E South 2129 Jim's Custom Paint & Body I-35 2511,1,['Good']
I-35E South 2290 Bennigans 2640,19,['Unknown' 'Good' 'Bad']
I-35E South 2398 Denton County Inn 2562,9,['Unknown']
I-35E South 2415 54th Street Restaurant and Draft House in Lewisville 2307-16,29,['Unknown' 'Good' 'Bad']
I-35E South 2765 Service King 2104-10,25,['Unknown' 'Good' 'Bad']
I-35E South 2765 Service King Lewisville 2160-12,13,['Unknown']
I-35E South 400-500 Angel Center 2751,3,['Unknown']
I-35E South 501 Burger Street Kiosk 2672,1,['Unknown']
I-35E South 659 Hill Tire Company 2606,2,['Unknown']
I-35E South 669 The Black-eyed Pea 2724,1,['Good']
I-35E South 685 Midas Muffler 2500,1,['Unknown']
I-35E South 697 El Chico 2670,1,['Good']
I-35E South 701 Lewisville Shopping Center 2706,1,['Unknown']
I-35E South 893 Lewisville Volkswagon 2048,7,['Unknown']
Indian Oaks - Phase 4 2094,1,['Unknown']
Indian Oaks Addition Section 1 2095,25,['Good' 'Unknown' 'Bad']
Indian Oaks Addition Section 2 2098,23,['Unknown' 'Good']
Indian Oaks Addition Sections 3 & 4 2096,27,['Unknown']
Jones St 411 Platas Concrete Work 2021-07,7,['Unknown' 'Bad' 'Good']
Jones St 418 United Resin Adhesive Company 2690,2,['Unknown']
Jones St 455 Trugreen Warehouse 2099-10,11,['Unknown' 'Good']
Jones St 725 Dynagrid 2256-15,5,['Unknown' 'Bad']
Jones St 725 Dynagrid Expansion 2293-16,7,['Unknown' 'Bad']
Josey Lane & FM 544 16_ Waterline 2265-15,21,['Unknown' 'Good' 'Bad']
Justin Road Center 2851,1,['Unknown']
Justin Road Self-Storage 2838,1,['Unknown']
Kathryn St 103 La Petite Academy 2689,1,['Good']
Kathryn St 303 Plantation Office Park 2688,1,['Unknown']
Kealy Ave 1491 Carl Buck Warehouse 2505,1,['Unknown']
Kealy Ave 1495 Johnson Addition 2540,1,['Good']
Kealy Ave 323 Jim Crosby Equipment Company 2591,2,['Good' 'Unknown']
Kealy Ave 414 Holland Office Building 2037-08,13,['Unknown' 'Good' 'Bad']
Kealy Ave 500 Thomas Addition 2587,1,['Unknown']
Kealy Ave 634 Bill Sweatman Office & Warehouse 2788,4,['Good' 'Unknown']
Kealy Ave 802 Unique Transportation 2686,1,['Unknown']
Kealy Ave 803 Vick Equipment 2538,1,['Good']
Kealy Ave North 326 Morrow Cabinet Parking Lot 2221-14,13,['Unknown' 'Bad']
Kealy Park Addition 2682,1,['Unknown']
Kealy St 201 Gladys Chastain Property 2722,1,['Unknown']
Kealy St 426 Northplex 2683,1,['Unknown']
Kealy St 516 A & B Concrete Work 2741,2,['Unknown']
Kelly Lumber Grant Davis Addition 2790,3,['Good' 'Unknown']
Kings Grant Addition 2131-11,42,['Unknown' 'Bad' 'Good']
Lake Lewisville Townhomes Addition 2077,6,['Unknown' 'Good']
Lake Park Rd 169 Twin Pines Nursing Center 2743,3,['Unknown']
Lake Park Rd 322 Lakeland Apartments 2631,7,['Unknown' 'Good']
Lake Park Rd 330 C,1,['Good' 'Bad']
Lake Park Rd 359 Lake Park Plaza 2503,3,['Unknown']
Lake Ridge Rd 2600 Broadstone Lake Ridge Apartments 2253-15,49,['Unknown' 'Good' 'Bad']
Lake Vista Dr 2600 Springhill Suites 2201-14,26,['Unknown' 'Good']
Lake Vista Dr 2650 Hampton Inn 2068-08,20,['Unknown' 'Good' 'Bad']
Lake Vista Dr 2700 Center For Veterinary Specialty Care 2203-14,16,['Unknown' 'Good']
Lake Vista Dr 2702 Kaar Dental 2216-14,18,['Unknown' 'Good' 'Bad']
Lake Vista Dr 2777 Lake Vista 7 - Phase 1 2014-07,50,['Unknown' 'Good' 'Bad']
Lake Vista Dr 2777 Lake Vista Ridge 7 Parking Lot 2134-11,18,['Unknown' 'Good']
Lake Vista Dr 2900 Lakeside Office Center Building 2 - Phase 2  2230-14,34,['Unknown']
Lake Vista Dr 2911 Lake Vista Pointe Parking Expansion 2057-08,20,['Unknown' 'Good' 'Bad']
Lake Vista Dr 2911 Lake Vista Pointe Parking Expansion 2205-14,26,['Unknown' 'Good']
Lake Vista Dr Irrigation 2136B,4,['Unknown' 'Good']
Lake Vista Dr Villas At Lake Vista - Phase 2 2162-12,13,['Unknown' 'Good' 'Bad']
Lakeland Terrace 2059,6,['Good' 'Unknown']
Lakeland Terrace No,1,['Bad']
Lakepointe - Phase 4 2112,45,['Unknown' 'Good' 'Bad']
Lakepointe - Phases 1 2 & 3 2113,112,['Unknown' 'Good' 'Bad']
Lakepointe Dr 1991 Carquest Distribution Center 2039-08,12,['Unknown' 'Good']
Lakepointe Dr 2397 Custom Yachts 2578,6,['Unknown' 'Good']
Lakeside Cir 2401 Texas-New Mexico Substation 2659,2,['Unknown' 'Good']
Lakeside Cir 940 DCTA Hebron Station 2100-10,129,['Unknown' 'Good' 'Bad']
Lakeside Estate 2097,15,['Unknown' 'Bad']
Lakeview Distribution Center - Phases 1 & 2 Grading 2008-07,16,['Unknown']
Lakeway Dr 1402 Arcus Inc,1,['Unknown']
Lakeway Dr 1605 Broadtech Lakeway Dr Parking 2262-15,12,['Unknown' 'Good']
Lakeway Dr 1900 Lincoln Ridge 2313-16,28,['Unknown' 'Good']
Lakewood North Addition 2062,11,['Unknown' 'Good']
Lakewood North Addition No,1,['Good']
Lakewood North No,1,['Good']
Learning experience,1,['Unknown']
Leora Ln 301 Creekview 121 Building 1 & 2 - Phase 1 2292-16,35,['Unknown' 'Good' 'Bad']
Leora Ln 650 Bella Madera Apartments 2038-08,33,['Unknown' 'Good']
Leora Ln 850 Pine Prairie - Phase 2 Rosehill Apts 2242-15,29,['Unknown' 'Good']
Leora Ln 951 Pine Prairie Apartments - Phase 1 2170-13,29,['Unknown' 'Good']
Lewisville High School South Offsite Sanitary Sewer 2096-10,13,['Unknown' 'Good' 'Bad']
Lewisville Lake Park Toilet_Shower Facility No,1,['Good' 'Bad']
Lewisville Park Estates 2101,24,['Unknown' 'Good' 'Bad']
Lewisville Square 2653,3,['Good' 'Unknown']
Lewisville Towne Crossing - Super Target 2045-08,49,['Unknown' 'Good']
Lewisville Towne Crossing TxDOT Plans 2045-08,52,['Unknown' 'Good' 'Bad']
Lewisville Valley 3 Part 1 & 2  2003,30,['Unknown' 'Good']
Lewisville Valley 4 Section A 2004,30,['Unknown' 'Good' 'Bad']
Lewisville Valley 4 Section B - Phase 3 2006,16,['Unknown' 'Good' 'Bad']
Lewisville Valley 4 Section B - Phases 2 2A 2007,3,['Good' 'Unknown' 'Bad']
Lewisville Valley 4 Section B 2005,23,['Unknown']
Lewisville Valley 5 Section 1 2008,24,['Unknown' 'Bad' 'Good']
Lewisville Valley 5 Section 2 2009,16,['Unknown' 'Good']
Lewisville Valley 5 Section 3-A 3-B 3-C & 3-D 2010,36,['Unknown' 'Good' 'Bad']
Lewisville Valley 6-1 2011,30,['Unknown' 'Good']
Lewisville Valley 6-2 2012,21,['Unknown' 'Bad' 'Good']
Lewisville Valley 6-3 2013,26,['Unknown']
Lewisville Valley First Installment Part 2 2001,62,['Unknown' 'Bad' 'Good']
Lewisville Valley No,1,['Bad']
Lot 2R-B Counrty Ridge Driveway 2295-16,12,['Unknown' 'Good']
Lynn Ave 118 - Elite Medical - 2372-18,13,['Unknown' 'Good']
MacArthur Blvd 2565 Going Bonkers 2002-07,10,['Unknown' 'Good' 'Bad']
MacArthur Blvd 2585 Revised Vista Ridge Office Park 2023-07,15,['Unknown' 'Good' 'Bad']
Main St 1565 Garden Park Shopping Center - Phase 1 & Phase 2 - Bealls,23,['Unknown' 'Bad']
Main St 531 Windmill Conservatoire Addition 2735,1,['Unknown']
Main St 626 Mobil Oil West 2593,1,['Unknown']
Main St East 1021 Dallas Texans Soccer 2182-13,20,['Unknown']
Main St East 1111 Jackson Concrete 2560,6,['Unknown' 'Good']
Main St East 391 Kathryn Commons 2097-10,9,['Unknown' 'Good']
Main St East 415 Lewisville Printing 2576,1,['Unknown']
Main St East 545 Alex Paint & Body 2196-13,19,['Unknown' 'Good' 'Bad']
Main St East 560 Main Streets Motors 2584,1,['Unknown']
Main St East 614 American Nut Company 2685,1,['Unknown']
Main St East 617 Humes Roofing Tiles Plant 2590,11,['Unknown' 'Good' 'Bad']
Main St East 617 Railroad DCTA - Old Town Station,153,['Unknown' 'Good' 'Bad']
Main St West 1026 Raising Canes Store #83 2122-11,22,['Unknown' 'Good' 'Bad']
Main St West 1098 Lewisville High School Addition & Renovation Building 2111-10,98,['Unknown' 'Bad' 'Good']
Main St West 1098 Lewisville High School Fine Arts 2022-07,13,['Unknown' 'Good' 'Bad']
Main St West 1098 Lewisville High School Renovations 2654,4,['Unknown' 'Good']
Main St West 1099 CVS_Pharmacy No,1,['Good' 'Bad']
Main St West 1100 Main Valley Shopping Center 2687,2,['Unknown']
Main St West 1280 1288 Old Orchard Village East Kroger Grocery 2715,14,['Unknown' 'Good']
Main St West 1288 Walmart Addition 2753,18,['Unknown' 'Good' 'Bad']
Main St West 1288 Winco Foods 2218-14,21,['Unknown' 'Good']
Main St West 1298 Mobil Oil 2567,4,['Good' 'Bad']
Main St West 1302 Seven Eleven 2782,1,['Unknown']
Main St West 1326 1382 Old Orchard Village West Shopping Center Tom Thumb 2716,25,['Unknown' 'Good' 'Bad']
Main St West 1394 Quick Wok 2642,4,['Unknown' 'Good']
Main St West 1398 Triangle Bowling 2723,1,['Unknown']
Main St West 1502 Kentucky Fried Chicken 2730,3,['Unknown' 'Good']
Main St West 1510 Arby's 2732,14,['Unknown' 'Good']
Main St West 1559 CareNow - Lewisville 2206-14,17,['Unknown' 'Good' 'Bad']
Main St West 1563 Jack In The Box 2646,2,['Unknown']
Main St West 1567 Pizza Hut 2531,3,['Good' 'Unknown']
Main St West 1569 Garden Park Theatre 2649,6,['Unknown' 'Good' 'Bad']
Main St West 1569 Life Changers Church 2192-13,12,['Unknown' 'Good' 'Bad']
Main St West 1585 Aldi 2148-12,34,['Unknown' 'Good' 'Bad']
Main St West 1596 Blockbuster Video 2745,2,['Good' 'Unknown']
Main St West 1597 Texaco 2671,1,['Bad']
Main St West 1598 McDonald's 2599,20,['Unknown' 'Good']
Main St West 314 Aspen Health Care 2143-12,4,['Unknown']
Main St West 363 Means Addition 2608,1,['Good']
Main St West 376 Dr,1,['Unknown']
Main St West 500 Medical Center of Lewisville ED Expansion 2224 -14,3,['Unknown']
Main St West 726 Wendy's 2648,4,['Unknown']
Main St West 825 Dairy Queen 2175-13,12,['Unknown']
Main St West 930 Safeco Title 2508,3,['Good' 'Unknown']
Main St West 951  Excel Dental 2141-12,19,['Unknown' 'Bad' 'Good']
Main St West 998 Lewisville High School Locker Room 2092-10,28,['Unknown' 'Good']
McDonnell St 344 Pierson Warehouse 2553,1,['Unknown']
McDonnell St 350 ACT Construction Expansion 2289-16,18,['Unknown' 'Good' 'Bad']
McDonnell St 350 Lamb Addition 2604,2,['Good']
McGee Ln 1645 Titan Operating Prologis Lease Site 2116-10,12,['Unknown' 'Good']
McKenzie St 416 Macedonia Ministries Gymnasium 2229-14,9,['Unknown']
McKenzie St 579 Bulloch Fabricating 2565,1,['Unknown']
McKenzie St 579 McKenzie Hembry Addition 2512,1,['Unknown']
Meadow Glen Addition - Phase 1 2128,19,['Unknown' 'Good']
Meadow Glen Addition Section 2 2129,32,['Unknown' 'Good' 'Bad']
Meadow Glen Addition Section 2-A 2130,19,['Unknown' 'Good' 'Bad']
Meadow Lake - Phase 3 Section 1 2022,14,['Unknown' 'Good']
Meadow Lake 4 Section 1 2023,16,['Unknown' 'Good' 'Bad']
Meadow Lake No,1,['Good' 'Bad']
Metro Park Blvd,1,['Good']
Midway Rd 1740 Ratliff Midway Office Development 2052-09,9,['Unknown' 'Good']
Midway Rd 1836 Metro Auto Auction - Dallas 2129,48,['Unknown' 'Good' 'Bad']
Midway Rd 1836 Metro Auto Auction Expansion 2210-14,28,['Unknown' 'Good' 'Bad']
Midway Rd 1836 Metro Auto Auction Expansion II 2321-17,15,['Unknown' 'Bad' 'Good']
Midway Rd 1890 C & W Plumbing 2127,4,['Unknown' 'Bad' 'Good']
Midway Rd 1901 Coyote Theater - 2282-15,47,['Unknown' 'Good' 'Bad']
Mill St North 125  Bridal Boutique 2227-14,11,['Unknown']
Mill St North 1901 Lake Park Garden Apartments 2630,4,['Unknown' 'Good']
Mill St North 1981 Northview Baptist Church Parking Expansion 2195-13,11,['Unknown']
Mill St North 200 Office Building 2748,1,['Unknown']
Mill St North 2351 Stella's Moble Home Park 2771,3,['Unknown']
Mill St North 324 Porters 2515,1,['Good']
Mill St North 422 Catfish King 2765,2,['Unknown' 'Good']
Mill St North 890 Mill Park 2521,1,['Good']
Mill St North 894 Prairie Mill Industrial Park,10,['Unknown' 'Good']
Mill St North 894 Prairie Mill Industrial Park 2550,1,['Unknown']
Mill St North 896 J,1,['Unknown']
Mill St North 902 Builders FirstSource 2325-17,16,['Unknown' 'Bad' 'Good']
Mill St North 905 Town & Country Food Store 2551,1,['Unknown']
Mill St North 911-921 Landsource 2 2522,1,['Good']
Mill St North 911-921 Landsource 2 2544,1,['Good']
Mill St South 127 Lewisville Lumber 2769,6,['Unknown']
Mill St South 200 Lewisville Shopping Center CCA 2714,5,['Unknown']
Mill St South 201 LSC Addition Shopping Center 2681,1,['Unknown']
Mill St South 211 Commercial Bank Of Texas 2245-15,7,['Unknown']
Mill St South 817 Dubberly Plaza 2514,1,['Unknown']
Mill St South 896 AirGas USA 2174-13,4,['Unknown' 'Good' 'Bad']
Mill St South 900 Payless Cashways 2554,5,['Unknown']
Mill St South 903 Old Town Auto Sales 2575,1,['Good']
Mill St South 906 Mill Street Auto Service_Retail 2103-10,25,['Unknown' 'Bad' 'Good']
Morningside Ave 1357 Greer Addition 2704,1,['Unknown']
Northfork Cir 885 Raymer Book Bindery 2755,1,['Unknown']
Oak Creek Estates 2086,14,['Unknown']
Oak Knoll Cir 200 Post Oak Apartments 2625,23,['Unknown' 'Good']
Oakbend Drive 2603,2,['Unknown' 'Bad']
Oakbrook on the Lake 2048,9,['Unknown']
Oakridge Blvd 400-402 Callmark Addition 2311-16,10,['Unknown' 'Bad']
Oakridge Dr 375 Rad Sports Group 2034-08,11,['Unknown' 'Bad' 'Good']
Oakridge Park Estates No,1,['Unknown']
Oakridge Park Estates Section 3 2054,4,['Good' 'Unknown']
Oakridge Park Estates Section D 2050,5,['Unknown' 'Good']
Oakridge Park Estates Section E 2051,5,['Unknown' 'Good']
Oakridge Park Estates Section F 2052,5,['Good' 'Unknown']
Oakridge Park Estates Section G 2049,9,['Unknown' 'Good']
Oakwood Ln 223 Peppermint Daycare 2729,2,['Unknown']
Office Park Cir 809 Japa Holdings 2000-07,8,['Unknown' 'Good' 'Bad']
Office Park Cir 810 Office-Showroom 2756,4,['Good' 'Unknown']
Old Orchard Ln North 165 Arbor Valley Apartments 2615,14,['Unknown' 'Good' 'Bad']
Old Orchard Ln South 1301 Old Orchard Baptist Church 2635,1,['Unknown']
Old Orchard Ln South 1595 Oaktree Apartments 2621,5,['Unknown']
Old Orchard Ln South 502 Park Lane Village 2563,1,['Unknown']
Old Orchard Ln South 602 Church of the Annunciation 2750,2,['Unknown']
Old Orchard Ln South 797 Old Orchard Apartments 2612,8,['Unknown']
Orchard Hill Addition 2099,25,['Unknown' 'Good']
Palisades Drive Lift Station 2017-08,8,['Unknown']
Park Lane Addition 2085,30,['Unknown' 'Bad' 'Good']
Park Place 2758,10,['Unknown' 'Good']
Parklane Townhomes 2084,12,['Unknown']
Perry St 383 Office Of Alphonsine Ugochukwu 2128-11,10,['Unknown' 'Good']
Pinnell Subdivision - Phase 4 2542,4,['Unknown' 'Good']
Pinnell Subdivision 2541,1,['Good']
Plano Parkway 3561 Taco Bell 2288-16,20,['Unknown' 'Good' 'Bad']
Plano Pkwy 3451 Orthofix 2079-09,32,['Unknown' 'Good' 'Bad']
Plano Pkwy 3521 Jimmy John's Lewisville 2290-16,16,['Unknown' 'Bad' 'Good']
Plano Pkwy 3541 Andy's Frozen Custard 2301-16,20,['Unknown' 'Good']
Plano Pkwy 3581 7 Eleven Plano Parkway & Tittle Drive 2277-15,13,['Unknown']
Prairie Creek - Phase 4 2764,12,['Unknown' 'Good']
Prairie Creek Addition 2768,3,['Unknown']
Princeton 1076 Denco 911 Annex 2340-17,24,['Unknown' 'Good']
Princeton St 1075 Denco 911 Expansion 2088-09,22,['Unknown' 'Good' 'Bad']
Princeton St 1075 Denco 911 Water Improvements 2135-11,1,['Unknown']
Purnell St 601 Transportation & Warehouse Complex LISD 2772,1,['Good']
Purnell St East 450 Bulloch Fabricating Building Expansion 2025-07,16,['Unknown' 'Good' 'Bad']
Purnell St East 450 Bulloch Fabricating Lot 2 Grading 2031-07,5,['Unknown' 'Good']
Purnell St East 496 Purnell Properties 2537,3,['Good' 'Unknown' 'Bad']
Purnell St East 535 Purnell Office Building 2517,1,['Unknown']
Purnell St East 588 Campers 4 Rent 2268-15,10,['Unknown']
Quailcrest Addition 2087,17,['Unknown']
Railroad St South 1225 Western Concrete 2679,1,['Good']
Railroad St South 1229 Capform Complex 2250-15,10,['Unknown' 'Bad' 'Good']
Railroad St South 1600 DFW Parking Improvements & Plant Expansion 2055-08,38,['Unknown' 'Good' 'Bad']
Railroad St South 1600 DFW Recylcing and Disposal Facility Floodplain Reclamation 2179-13,11,['Unknown']
Railroad St South 1600 Waste Management D_F Recycling & Disposal Facility 2075-09,34,['Unknown']
Railroad St South 400 Block Inca Metals 2774,1,['Unknown']
Railroad St South 701 A & S Manufacturing 2761,5,['Unknown']
Recreational Parking Area Garden Ridge & I-35E 2215-14,22,['Unknown' 'Bad' 'Good']
Red Bud St 645 Elta Warehouse 2083-09,13,['Unknown' 'Good' 'Bad']
Red Hawk 838 Pyramid Drywall 2145-12,7,['Unknown' 'Bad']
Replat of Settlers Village Utilities 2046-08,9,['Unknown' 'Good' 'Bad']
Replat of Settlers Village Utilities 2154-12,8,['Unknown' 'Good' 'Bad']
Rockbrook Dr 2500 Brownstones at Vista Ridge 2016-07,23,['Unknown' 'Good' 'Bad']
Rockbrook Dr 2690 Faith Town Homes 2005-07,19,['Good' 'Unknown' 'Bad']
Rockbrook Dr 2785 Rockbrook Office Condominuims 2114-10,19,['Unknown' 'Bad' 'Good']
Rolling Ridge Addition 2072,11,['Unknown' 'Good' 'Bad']
Round Grove Road Bridge 2111,23,['Unknown' 'Good' 'Bad']
S,1,['Good' 'Bad']
S Valley parkway 2555 - Valley Pkwy Distribution Center 2168-12,58,['Unknown' 'Good' 'Bad']
SH 121 2345 Banc West - Phase 1 2740,2,['Unknown']
SH 121 Bypass South 175-495 The Village Crossing 2011-07,12,['Unknown' 'Good' 'Bad']
SH 121 Bypass South 209 Genusys Office Building 2123-11,37,['Unknown' 'Good' 'Bad']
SH 121 Bypass South 211 Salons Of Volterra @ Lewisville 2213-14,11,['Unknown']
SH 121 Bypass South 755 Lake Vista Retail Center 2018-07,22,['Unknown' 'Good' 'Bad']
SH 121 Bypass South 795 Saltgrass Steakhouse 2236-14,13,['Unknown']
SH 121 East 1047 J & J Stor-All 2676,1,['Unknown']
SH 121 East 1696 P & M Properties 2109-10,11,['Unknown' 'Good']
SH 121 East 2525 121 Lakepointe Crossing- Phase 2 2061,52,['Unknown' 'Good' 'Bad']
SH 121 East 2600 Assured Self Storage 2158-12,16,['Unknown' 'Good']
SH 121 East 2801 Flooring Services 2209-14,112,['Unknown' 'Good' 'Bad']
SH 121 East 380 Northwood Retail Shopping Center 2012-07,30,['Bad' 'Unknown']
SH 121 East 402 Northwood Mobile Home Park 2787,96,['Unknown' 'Bad' 'Good']
SH 121 East 4730 Comerica Bank 2087-09,17,['Unknown' 'Bad']
SH 121 East 4800 Best Buy Office Depot Public Improvements 2209-11,34,['Unknown' 'Bad' 'Good']
SH 121 East 4854-4866 24 Hour Fitness 2073-09,46,['Unknown' 'Bad' 'Good']
SH 121 East 498 National Indoor Storage - Sales Lot 2176-13,22,['Unknown']
SH 121 East 498 National Indoor Storage 2059-08,21,['Unknown' 'Good' 'Bad']
SH 121 East 521 Racetrac 121 2717,21,['Unknown' 'Good' 'Bad']
SH 121 East 542 Good Luck Rodeo Cadillac Club 2678,1,['Unknown']
SH 121 East 640 DCTA Maintenace Facility Drainage Channel 2264-15,12,['Unknown']
SH 121 East 640 DCTA Maintenance Facility 2106-10,157,['Unknown' 'Good' 'Bad']
SH 121 East 650 Zander Place - Phase 2 2241-15,18,['Unknown' 'Bad' 'Good']
SH 121 East 650 Zander Place 2004-07,21,['Unknown' 'Good' 'Bad']
SH 121 East 690 Lewisville Mini-Warehouse 2592,2,['Good' 'Unknown']
SH 121 East 801  Bus Quik Trip #928 2112-10,62,['Unknown' 'Good' 'Bad']
SH 121 East 808 Waite Plumbing 2677,1,['Unknown']
SH 121 East 816 One Twenty One Plaza 2791,10,['Unknown' 'Good']
SH 121 East 825 Premier Prospects 2157-12,9,['Unknown' 'Good']
SH 121 East 901 Pattern Concrete 2647A,5,['Unknown']
SH 121 East 901 Pattern Concrete 2647B,2,['Unknown']
SH 121 East 985  Prestige Office_Warehouse - Phase 1 2284-16,20,['Unknown' 'Bad' 'Good']
SH 121 East 985 Elm Fork Trunk Sewer-Phase 3 and Prestige Office_Warehouse Sanitary Sewer Lines 2279-15,7,['Unknown' 'Good']
SH 121 East 999 BK Drilling Office Building 2010-07,9,['Unknown' 'Good' 'Bad']
SH 121 East Thomson Addition Grading - Lot 2 Block A 2152-12,4,['Unknown']
SH 121 Lovich Nursery 2763,2,['Unknown']
SH 121 South 1233 Taco Bell 2108-10,22,['Unknown' 'Bad' 'Good']
SH 121 South 1235 Miller Plaza Shopping Center 2708,5,['Unknown']
SH 121 South 1301 Gulf First Addition 2555,2,['Unknown']
SH 121 South 1305 Bellaire Plaza 2588,1,['Unknown']
SH 121 South 1309 Firestone 2594,1,['Unknown']
SH 121 South 1313 Burger King 2601,6,['Unknown' 'Good']
SH 121 South 1408 Skateland Addition 2773,2,['Unknown']
SH 121 South 1500 Soccer City 2240-15,11,['Unknown' 'Good' 'Bad']
SH 121 South 1530 Aero Hobbies 2139-11,20,['Unknown' 'Good' 'Bad']
SH 121 South 1530 Jim Bridges Sports Center 2675,1,['Unknown']
SH 121 South 1602 Kentucky Fried Chicken 2547,1,['Unknown']
SH 121 South 1602 Kentucky Fried Chicken 2580,4,['Unknown' 'Good']
SH 121 South 1679 Timber Creek Apartments 2618,14,['Good' 'Bad' 'Unknown']
SH 121 South 1680 K-Bob's Steak House 2546,2,['Unknown']
SH 121 South 1700 Diamond Shamrock 2656,3,['Unknown']
SH 121 South 1702 Ambassador Business Park 2639,4,['Good' 'Unknown']
SH 121 South 1902 Park Timbers Apartments - Phases 1 & 2 2613,12,['Unknown' 'Good' 'Bad']
SH 121 South 1955 Continental Retail Center 2066-10,12,['Unknown' 'Good' 'Bad']
SH 121 South 2305 Timber Valley Shopping Center 2534,3,['Good' 'Unknown']
SH 121 South 2501 Convergence Office Center - Phase 1A On Site 2032-08,38,['Unknown' 'Bad' 'Good']
SH 121 South 2501 Convergence Office Center - Phase 2A On Site 2032-08,32,['Unknown' 'Good' 'Bad']
SH 121 South 2501 Convergence Office Center - Phase 2B On Site 2086-09,19,['Unknown']
SH 121 South 2501 Convergence Office Center - Phase 3A - 2151-12,59,['Unknown' 'Bad' 'Good']
SH 121 South 2501 Convergence Office Center On-Site Improvements 2121-11,32,['Unknown' 'Good' 'Bad']
SH 121 South 2501 Texas Instruments 2597B,4,['Unknown']
Savage Dr 2103 Delay Middle School Addition_Renovation 2081-09,28,['Unknown' 'Good' 'Bad']
Savage Dr 2103 Milliken Middle School 2710-A,1,['Unknown']
Savage Dr 2103 Milliken Middle School 2710-B,3,['Unknown' 'Good']
Serendipity Village 2033,17,['Unknown']
Serendipity Village No,1,['Good' 'Bad']
Settler's Village - Phase 2,29,['Unknown' 'Good' 'Bad']
Settler's Village - Phase 2 replat,7,['Unknown' 'Bad' 'Good']
Sewage Treatment Plant 701 Police and Fire Training Facility Classroom Phase 2186-13,14,['Unknown' 'Bad']
SewageTreatment Plant Rd 701Police and Fire Training Facility Expansion Architecturals,56,['Unknown' 'Bad' 'Good']
Smitty's Point 2075,3,['Unknown']
South Village Mixed Use 2304-16,26,['Unknown' 'Good' 'Bad']
Southfork Dr 420 CSI Expansion & Renovation 2726,4,['Unknown']
Southwest Pkwy East 101 Southwest Parkway Plaza 2658,4,['Unknown']
Southwest Pkwy East 247 Wellington Place 2624,6,['Unknown']
Southwest Pkwy East 248 Sunburst Apartments 2632,4,['Unknown']
Southwest Pkwy East 328 Stonecreek Apartments 2627,5,['Unknown']
Southwest Pkwy East 396 Arbor Creek 1 and 2 -  2614,15,['Unknown']
Southwest Pkwy West 109 McCutchin Car Wash 2525,1,['Unknown']
Southwest Pkwy West 201 Westview Apartments 2626,6,['Unknown']
Spinks Rd Cobb Site - Detention Pond & Drive Plan 2115-10,11,['Unknown' 'Good']
Spinks Road Utilities 2026-07,23,['Unknown' 'Good']
Summit Ave Titan Prologis Gas Pipeline 2138-11,9,['Unknown']
Sylvan Creek 2046,31,['Unknown' 'Good']
TLE_Lewisville_LP1_2015-07-07 (3),1,['Good']
Texas St 1120 Nortex Nursery 2574,1,['Unknown']
Texas St 1240 Renown Construction 2337-17,4,['Unknown']
The Highlands - Phase 2 2041,32,['Unknown']
The Highlands - Phase 3 2042,31,['Unknown' 'Good']
The Highlands - Phase 4 2043,35,['Unknown']
The Highlands - Phase 5 2044,7,['Unknown' 'Bad' 'Good']
The Highlands 2040,20,['Unknown' 'Good']
The Hills of Vista Ridge - Phase 1 2220-14,54,['Unknown' 'Good' 'Bad']
The Hills of Vista Ridge - Phase 2 2257-15,53,['Unknown' 'Good' 'Bad']
The Manors at Vista Ridge I Addition 2153-12,18,['Unknown']
The Pines 2025,10,['Unknown']
The Villas at Wellington - Phase 1 2017-08,95,['Unknown' 'Good' 'Bad']
Timber Brook Addition No,1,['Good']
Timber Creek Acres & Sanitary Sewer 2079,34,['Unknown' 'Good']
Timber Creek Crossing 2019-07,39,['Unknown' 'Good' 'Bad']
Timber Creek Square - Phase 1 2119,27,['Unknown' 'Bad' 'Good']
Timber Creek Square - Phase 2 2120,29,['Unknown' 'Bad' 'Good']
Timber Creek Square Lot 1-B Block C Sanitary Sewer 2141,5,['Good' 'Unknown']
Timber Creek Square Sanitary Sewer 2122,1,['Unknown']
Timber Creek Square Water Relocation 2121,1,['Unknown']
Timber Valley Estates - Phase 2 2125,12,['Unknown']
Timber Village Addition 2126,9,['Unknown' 'Bad' 'Good']
Timberbrook Addition No,1,['Good']
Timbercreek Estates 2080,46,['Unknown' 'Good']
Trinity Dr 861 The Apparel Group 10_ Sanitary Sewer 2003-07,6,['Unknown' 'Good']
Trinity Dr 861 The Apparel Group Grading & Fill 2003-07,14,['Unknown' 'Bad']
Trinity Dr 883 The Apparel Group Distribution Center - Phase 1 2003-07,39,['Unknown' 'Good' 'Bad']
Uecker Dr 2197 Enclave Apartments - Phase 1 2622,7,['Unknown' 'Good']
Uecker Ln 2364 Mira Vista Office Park - Phase 1 2142-12,37,['Unknown' 'Good' 'Bad']
Union Station Pkwy 875 891 Hebron 121 Station - Phase 3 2252-15,56,['Unknown' 'Good' 'Bad']
Union Station Pkwy 885 Hebron 121 Station - Phase 1 2107-10,91,['Unknown' 'Good']
Valley Parkway South 2900 Majestic Airport Center Building 5 2193-13,68,['Unknown' 'Good']
Valley Pkwy North 1402 Cambridge Village Apartments 2611,9,['Unknown' 'Good']
Valley Pkwy North 190 Denton County Lee Walker Government Center 2233-14,58,['Unknown' 'Good' 'Bad']
Valley Pkwy North 560 ABC Veterinary 2091-10,18,['Unknown' 'Good' 'Bad']
Valley Pkwy South 1598 Lewisville Plaza 2666,1,['Good']
Valley Pkwy South 2150 Childrens Lighthouse 2281-15,19,['Unknown' 'Bad' 'Good']
Valley Pkwy South 2250 Broadstone Round Grove Apartments 2183-13,50,['Unknown' 'Good' 'Bad']
Valley Pkwy South 2436 Broadstone Valley Parkway Apartments 2126-11,59,['Unknown' 'Good' 'Bad']
Valley Pkwy South 2701 2801 Majestic Airport Center Bldgs 4 & 6 2254-15,58,['Unknown' 'Bad' 'Good']
Valley Ridge & College St 2043-08,70,['Unknown' 'Good' 'Bad']
Valley Ridge 2107,24,['Unknown' 'Good']
Valley Ridge 2150,11,['Unknown' 'Bad']
Valley Ridge Blvd,1,['Good' 'Bad']
Valley Ridge Blvd West 501 Eagle Gun Range 2155-12,8,['Unknown' 'Bad']
Valley Ridge Business Center 2106,5,['Unknown']
Valley Ridge Business Park East 2109,55,['Unknown' 'Good' 'Bad']
Valley Ridge Business Park East Mass Grading 2108,2,['Unknown']
Valley Ridge Cir 712 Infinite Packaging Group Expansion 2297-16,15,['Unknown' 'Good' 'Bad']
Valley Ridge Cir 720 The Venture Corporation 2125-11,13,['Unknown' 'Good']
Valley Ridge Schedules 1 2 3 & 4 2105,125,['Unknown' 'Good' 'Bad']
Valley Square Shopping Center 2760,10,['Unknown' 'Good']
Valley View Dr 139 La Petite Academy 2530,1,['Good']
Valley View Dr 141 The Meadows 2610,4,['Unknown']
Valley View Dr 146 The Pinnacle 2628,5,['Unknown' 'Good']
Valley View Dr 901 North Field Elementary School 2707,10,['Unknown' 'Good']
Valley Vista Estates - 1 2082,66,['Unknown' 'Good']
Valley Vista Estates - 2 2081,52,['Unknown' 'Bad']
Verona Addition 2235-14,60,['Unknown' 'Good']
Vista Ridge Bridges S,1,['Good' 'Bad']
Vista Ridge Concrete Pumping Expansion - 2329-17,12,['Unknown' 'Good' 'Bad']
Vista Ridge East Area 2138,90,['Unknown' 'Good' 'Bad']
Vista Ridge Mall Dr 2747 Vinson 2058-08,20,['Unknown' 'Good' 'Bad']
Vista Ridge Mall Dr West 731 Marriott Townplace Suites 2035-08,25,['Unknown' 'Good' 'Bad']
Vista Ridge North Area 2136,148,['Unknown' 'Good' 'Bad']
Vista Ridge Offsite Sanitary Sewer Force Main 2139,15,['Unknown' 'Bad' 'Good']
Vista Ridge Pump Station Complex Sanitary Sewer Only 2139,24,['Unknown' 'Good' 'Bad']
Vista Ridge Retail 2041-08,34,['Unknown' 'Good']
Vista Ridge West Area 2137,54,['Unknown' 'Good' 'Bad']
Walters St 107 Parking Lot for 107 Walters Street 2662,1,['Unknown']
Walters St West 151 U,1,['Good' 'Bad']
Waste Management Railroad Street Public Improvements 2049-09,146,['Unknown' 'Bad' 'Good']
Water & San Sewer Extensions for Denton County Fresh Water Supply District No,1,['Good' 'Bad']
Waterline Improvements To Texas Instruments 2597,6,['Unknown']
Waters' Ridge - Phase 1 2114,93,['Unknown' 'Good']
Waters' Ridge Bridge 2110,18,['Unknown' 'Good' 'Bad']
Waters' Ridge Mass Grading Plan - Phase 1 2114,31,['Unknown']
Weatherford Addition 2127,13,['Unknown' 'Good']
Westlake Park No,1,['Good']
Westridge Park Addition Second Installment 2073,6,['Unknown']
Westwood Estates No,1,['Good' 'Bad']
Willow Grove Addition - Phase 1 2116,72,['Unknown' 'Good']
Windhaven Crossing Addition Phase A Section 1 2271-15,38,['Unknown' 'Good' 'Bad']
Windhaven Crossing Addition Phase B Section 1 2275-15,44,['Unknown' 'Bad' 'Good']
Windhaven Pkwy 2500 Amaranth at 544 2013-07,21,['Unknown' 'Bad' 'Good']
Windhaven Pkwy 2500 Discovery Stone Bridge Experience 2247-15,20,['Unknown' 'Good']
Windhaven Pkwy 2511 Cates Career & Technology Center 2080-07,49,['Unknown' 'Good' 'Bad']
Windhaven Pkwy 355 LISD Elementary School #39 2006-08,30,['Unknown' 'Good']
Wittke Iron Works Water & Sanitary Sewer 2786,5,['Unknown']
Woodland Park 2093,19,['Unknown' 'Good' 'Bad']
Working Drawings 2003,9,['Unknown']
Wyndale Meadows - Phase 2 2243-15,41,['Unknown' 'Bad' 'Good']
Wyndale Meadows Addition - Phase 1 - Landscape & Screening 2198-13B,10,['Bad' 'Unknown' 'Good']
Wyndale Meadows Phase 3A - 2299-16,25,['Unknown' 'Good' 'Bad']
WyndaleMeadows Addition - Phase 1 2198-13,58,['Unknown' 'Good' 'Bad']
Xerox Relief Channel 2115,15,['Unknown']
Yates St 1097 El Fab 2506,6,['Good' 'Unknown']
